{
  "learningTrackid": 1,
  "gameId": 1,
  "gameVersion": "string",
  "predGameId": 0,
  "gamePath": "https://kreedo-game-upload-poc.s3.us-east-2.amazonaws.com/701_LearningTeens.zip",
  "isActive": true,
  "isblocked": false,
  "isGameDownloadComplete": true,
  "gameName": "",
  "attemptId": 0,
  "totalRewards": 0,
  "completedCount": 0,
  "startDateTime": "",
  "endDateTime": "",
  "completed": false,
  "isMusic": false,
  "levelDetails": {
    "currentLevel": {
      "level": 0,
      "presentationCompleted": false
    },
    "level0": {
      "presentation": {
        "completed": 0,
        "playCount": 0,
        "completedCount": 0,
        "timeSpent": 0
      }
    },
    "level1": {
      "presentation": {
        "completed": 0,
        "playCount": 0,
        "completedCount": 0,
        "timeSpent": 0
      },
      "completed": 0,
      "playCount": 0,
      "completedCount": 0,
      "timeSpent": 0,
      "correctAttempts": 0,
      "incorrectAttempts": 0
    },
    "level2": {
      "presentation": {
        "completed": 0,
        "playCount": 0,
        "completedCount": 0,
        "timeSpent": 0
      },
      "completed": 0,
      "playCount": 0,
      "completedCount": 0,
      "timeSpent": 0,
      "correctAttempts": 0,
      "incorrectAttempts": 0
    },
    "level3": {
      "presentation": {
        "completed": 0,
        "playCount": 0,
        "completedCount": 0,
        "timeSpent": 0
      },
      "completed": 0,
      "playCount": 0,
      "completedCount": 0,
      "timeSpent": 0,
      "correctAttempts": 0,
      "incorrectAttempts": 0
    },
    "level4": {
      "presentation": {
        "completed": 0,
        "playCount": 0,
        "completedCount": 0,
        "timeSpent": 0
      },
      "completed": 0,
      "playCount": 0,
      "completedCount": 0,
      "timeSpent": 0,
      "correctAttempts": 0,
      "incorrectAttempts": 0
    }
  }
}